,index,Starring
0,0,Peter Falk
1,0,Andrew McCarthy
2,0,Nastassja Kinski
3,1,Mili Avital
4,1,Jason Scott Lee
5,2,Valerie Bertinelli
6,2,Jeffrey Nordling
7,3,Matt Frewer
8,3,Kenneth Welsh
9,4,Beau Bridges
10,4,Richard Thomas
11,0,Roma Downey
12,0,Tim Matheson
13,1,Thomas Gibson
14,1,Bai Ling
15,1,
16,1,Russell Wong
17,2,Matt Frewer
18,2,Kenneth Welsh
19,3,Tom Ward
20,3,Katy Carmichael
21,3,Eve Best
22,4,Matt Frewer
23,4,Kenneth Welsh
24,5,Miranda Richardson
25,5,Kristin Kreuk
26,5,Tyron Leitso
27,6,Neil Patrick Harris
28,6,Tyne Daly
29,6,Margaret Colin
30,7,Patricia Heaton
31,7,Rick Roberts
32,7,Peter Falk
33,8,Roma Downey
34,8,George Newbern
35,0,Liam Cunningham
36,0,Brana Bajic
37,1,Robin Dunne
38,1,James Garner
39,2,Tom Berenger
40,2,Luke Perry
41,2,Rachel Ward
42,3,Kieran Bew
43,3,Emily Hamilton
44,4,Matt Frewer
45,4,Kenneth Welsh
46,5,Lauren Holly
47,5,Judd Nelson
48,5,Nick Stabile
49,6,Bridget Fonda
50,6,Chelsea Hobbs
51,7,Linda Hamilton
52,8,William Devane
53,8,Meredith Baxter
54,0,Jennie Garth
55,0,Lance Henriksen
56,0,Bradley Cooper
57,1,Teri Polo
58,1,Andrew McCarthy
59,2,Katherine Hiegl
60,2,Dale Midkiff
61,3,Jean Smart
62,3,Carol Kane
63,3,Richard Gilliland
64,4,Tim Matheson
65,4,Sean Young
66,4,Kristen Bell
67,5,Burt Reynolds
68,5,Bruce Dern
69,5,Amy Jo Johnson
70,6,Martin Short
71,6,Christina Applegate
72,7,Kellie Martin
73,7,Clarence Williams III
74,8,Linda Blair
75,8,Adam Baldwin
76,9,Doris Roberts
77,9,Dana Delaney
78,10,Valerie Bertinelli
79,10,David Cubitt
80,10,Peter Falk
81,11,Tori Spelling
82,11,Gary Coleman
83,11,William Shatner
84,0,Lauren Holly
85,0,Costas Mandylor
86,1,Ann-Margret
87,1,Matthew Settle
88,1,
89,1,Shailene Woodley
90,2,Julie Benz
91,2,Marsha Mason
92,2,
93,2,Paul Le Mat
94,3,Annabeth Gish
95,3,Ed Begley Jr.
96,3,
97,3,Ethan Embry
98,4,Patrick Swayze
99,4,Alison Doody
100,5,Nastassja Kinski
101,5,Gérard Depardieu
102,5,
103,5,Michael York
104,6,Lou Diamond Phillips
105,6,Marina Black
106,6,
107,6,Lee Majors
108,7,John Larroquette
109,7,Karen Valentine
110,7,
111,7,French Stewart
112,8,Justine Bateman
113,8,Angie Everhart
114,8,
115,8,Andrew McCarthy
116,9,Megan Ward
117,9,David Proval
118,9,
119,9,Patty Duke
120,10,Parker Posey
121,10,Vincent Perez
122,11,January Jones
123,11,Logan Bartholomew
124,11,
125,11,Katherine Heigl
126,12,Kelli Williams
127,12,Patrick Muldoon
128,13,Tammy Blanchard
129,13,Katey Sagal
130,13,
131,13,Peter Falk
132,14,Elisa Donovan
133,14,Cheryl Ladd
134,15,Steve Guttenberg
135,15,Crystal Bernard
136,16,Meredith Baxter
137,16,Ronny Cox
138,16,
139,16,Natasha Gregson Wagner
140,0,Kellie Martin
141,0,Clarence Williams III
142,1,John Larroquette
143,1,Marta DuBois
144,2,Lea Thompson
145,2,Joe Penny
146,2,
147,2,William R. Moses
148,3,Betty White
149,3,Richard Thomas
150,3,
151,3,Amy Davidson
152,4,Kellie Martin
153,4,Clarence Williams III
154,5,John Larroquette
155,5,Marta DuBois
156,6,Jordan Bridges
157,6,Tori Spelling
158,6,Greg Germann
159,7,Lea Thompson
160,7,Joe Penny
161,7,
162,7,William R. Moses
163,8,Kellie Martin
164,8,Clarence Williams III
165,9,John Larroquette
166,9,Marta DuBois
167,10,Lea Thompson
168,10,Joe Penny
169,10,
170,10,William R. Moses
171,11,Melissa Gilbert
172,11,Brian Wimmer
173,12,Edward Asner
174,12,Jason London
175,12,
176,12,Mel Harris
177,13,Jaclyn Smith
178,13,Lyndsy Fonseca
179,14,Patrick Swayze
180,14,Patrick Bergin
181,15,Kellie Martin
182,15,Clarence Williams III
183,16,John Larroquette
184,16,Marta DuBois
185,17,Chad Lowe
186,17,Marin Hinkle
187,17,
188,17,George Segal
189,18,Lea Thompson
190,18,Joe Penny
191,18,
192,18,William R. Moses
193,19,Ryan Merriman
194,19,Steve Bacic
195,20,Dale Midkiff
196,20,Lisa Hartman Black
197,21,John Larroquette
198,21,Marta DuBois
199,22,Piotr Adamczyk
200,22,Malgorzata Bela
201,23,Kellie Martin
202,23,Clarence Williams III
203,24,John Larroquette
204,24,Marta DuBois
205,25,Luke Perry
206,25,Tia Carrere
207,25,
208,25,Peter Fonda
209,26,Vincent Spano
210,26,Alexandra Paul
211,27,Kyle MacLachlan
212,27,Gabrielle Anwar
213,28,James Earl Jones
214,28,Joanna Cassidy
215,29,Erin Cottrell
216,29,Logan Bartholomew
217,30,Steve Guttenberg
218,30,Crystal Bernard
219,31,Tom Berenger
220,31,Annabeth Gish
221,31,
222,31,Cybill Shepherd
223,0,Dick Van Dyke
224,0,Barry Van Dyke
225,1,Lea Thompson
226,1,Joe Penny
227,1,
228,1,William R. Moses
229,2,Kellie Martin
230,2,Clarence Williams III
231,3,Sydney Penny
232,3,Jason Gedrick
233,3,
234,3,Shirley Jones
235,4,Crystal Allen
236,4,Ken Marino
237,4,
238,4,Patty Duke
239,5,Lea Thompson
240,5,Joe Penny
241,5,
242,5,William R. Moses
243,6,John Larroquette
244,6,Marta DuBois
245,7,Kellie Martin
246,7,Clarence Williams III
247,8,Doris Roberts
248,8,Judy Reyes
249,9,Cheryl Ladd
250,9,Amy Grabow
251,10,Marion Ross
252,10,Frank Whaley
253,10,
254,10,Christine Elise
255,11,Casper Van Dien
256,11,Leonor Varela
257,11,
258,11,Jonathan Hyde
259,12,John Larroquette
260,12,Marta DuBois
261,13,Angus Macfadyen
262,13,Richard Chamberlain
263,14,Stacy Keach
264,14,Patrick Duffy
265,14,
266,14,Kenneth Johnson
267,15,Richard Thomas
268,15,Nancy McKeon
269,16,Kellie Martin
270,16,Clarence Williams III
271,17,Sam Neill
272,17,Miranda Richardson
273,18,Daryl Hannah
274,18,Gil Bellows
275,18,
276,18,Campbell Scott
277,19,Kellie Martin
278,19,Clarence Williams III
279,20,Edward Asner
280,20,John Newton
281,20,
282,20,Alice Evans
283,21,Jeremy London
284,21,Dorie Barton
285,21,
286,21,Sally Struthers
287,22,Erin Cottrell
288,22,Dale Midkiff
289,22,
290,22,Logan Bartholomew
291,0,Dick Van Dyke
292,0,Barry Van Dyke
293,0,
294,0,Shane Van Dyke
295,1,Kellie Martin
296,1,Clarence Williams III
297,2,John Larroquette
298,2,Marta DuBois
299,3,Teri Polo
300,3,Robert Mailhouse
301,4,Melissa Gilbert
302,4,Cyril O'Reilly
303,5,John Larroquette
304,5,Marta DuBois
305,6,Lea Thompson
306,6,Joe Penny
307,7,Erin Cottrell
308,7,Dale Midkiff
309,8,Samantha Mathis
310,8,Peter Dobson
311,9,Lea Thompson
312,9,Joe Penny
313,10,Tiffani Thiessen
314,10,Faye Dunaway
315,10,
316,10,French Stewart
317,11,Ian Somerhalder
318,11,BD Wong
319,11,
320,11,Brian Dennehy
321,12,John Schneider
322,12,Bitty Schram
323,13,Kevin Sorbo
324,13,Cynthia Watros
325,14,Valerie Bertinelli
326,14,Ray Baker
327,15,Dick Van Dyke
328,15,Barry Van Dyke
329,16,Ernest Borgnine
330,16,Katherine Helmond
331,17,Gail O'Grady
332,17,Robert Mailhouse
333,18,Genie Francis
334,18,Ted McGinley
335,19,Erin Cottrell
336,19,Scout Taylor-Compton
337,19,Dale Midkiff
338,0,Tom Bosley
339,0,Jordy Benattar
340,1,Lea Thompson
341,1,Joe Penny
342,1,
343,1,William R. Moses
344,2,Catherine Bell
345,3,Laura Leighton
346,3,Sebastian Spence
347,4,Andrea Roth
348,4,Delta Burke
349,5,Dean Cain
350,5,Anthony Michael Hall
351,6,Luke Perry
352,6,C. Thomas Howell
353,7,Stephen Collins
354,7,Magda Apanowicz
355,8,Dick Van Dyke
356,8,Barry Van Dyke
357,8,
358,8,Shane Van Dyke
359,9,Jane Seymour
360,10,Mark Consuelos
361,10,Chandra West
362,11,Florence Henderson
363,11,Donna Mills
364,11,
365,11,Pam Grier
366,12,Edward Asner
367,12,Alex Black
368,13,Daphne Zuniga
369,13,Greg Evigan
370,13,
371,13,Cameron Bancroft
372,14,Chandra Wilson
373,14,Ben Vereen
374,15,Jacqueline Bisset
375,15,Helene Joy
376,15,
377,15,Tatiana Maslany
378,16,Tom Arnold
379,16,Candace Cameron Bure
380,17,Jason Gedrick
381,17,Rhea Perlman
382,17,
383,17,Marianne Farley
384,18,Henry Winkler
385,18,Brooke Burns
386,18,
387,18,Warren Christie
388,19,Dixie Carter
389,19,Julie Warner
390,20,Faith Ford
391,20,Cameron Daddo
392,21,David Carradine
393,21,Rupert Graves
394,21,Desiree Siahaan
395,21,
396,21,John Reardon
397,0,Vanessa Marcil
398,0,Brennan Elliott
399,0,
400,0,Stacy Keach
401,1,Jason Priestley
402,1,Teri Polo
403,2,Genie Francis
404,2,Ted McGinley
405,3,Catherine Bell
406,3,Chris Potter
407,3,
408,3,Catherine Disher
409,4,David Sutcliffe
410,4,Jennifer Westfeldt
411,5,Meredith Baxter
412,5,Lesley Ann Warren
413,6,Eriq La Salle
414,6,Michael Michele
415,6,
416,6,Cicely Tyson
417,7,Sarah Jones
418,7,Haylie Duff
419,7,
420,7,Jordan Bridges
421,8,Sarah Jones
422,8,Haylie Duff
423,8,Jordan Bridges
424,9,Treat Williams
425,9,Andrew Lawrence
426,10,Gail O'Grady
427,10,Michael Shanks
428,11,Nancy Travis
429,11,Treat Williams
430,12,John Schneider
431,12,Brooke Nevin
432,12,
433,12,Roma Downey
434,13,Lou Diamond Phillips
435,13,Deborah Kara Unger
436,14,Dean Cain
437,14,James Tupper
438,14,
439,14,Allison Hossack
440,15,Laura Leighton
441,15,Angie Dickinson
442,16,Cybill Shepherd
443,17,Ally Sheedy
444,17,Sean Patrick Flanery
445,17,
446,17,Meat Loaf
447,18,Rena Sofer
448,18,Dean McDermott
449,18,
450,18,Barbara Eden
451,19,Marla Sokoloff
452,19,Marion Ross
453,19,
454,19,Kieren Hutchison
455,20,Andrew McCarthy
456,20,Kari Matchett
457,21,James Van Der Beek
458,21,Erin Karpluk
459,22,Billy Ray Cyrus
460,22,Jaishon Fisher
461,22,
462,22,Zak Ludwig
463,23,Dean Cain
464,23,Jean Louisa Kelly
465,23,
466,23,Mimi Kennedy
467,0,Jordan Ladd
468,0,Jason London
469,1,Jessica Cauffiel
470,1,Shelley Long
471,2,Lacey Chabert
472,2,Ryan Merriman
473,3,Julie Benz
474,3,JoBeth Williams
475,3,
476,3,Elliott Gould
477,4,Eddie Cibrian
478,4,Lisa Sheridan
479,5,Lori Loughlin
480,5,Johnny Messner
481,6,Drew Seeley
482,6,Britt Irvin
483,6,
484,6,Annie Potts
485,7,David James Elliott
486,7,Sharon Case
487,8,Natasha Henstridge
488,8,Harry Hamlin
489,9,Jonathan Silverman
490,9,Dedee Pfeiffer
491,10,Gabrielle Anwar
492,10,Craig Sheffer
493,11,Jodi Lyn O'Keefe
494,11,Justin Bruening
495,12,Jennifer Esposito
496,12,David Sutcliffe
497,13,Jesse Metcalfe
498,13,Natalie Lisinska
499,14,Shannen Doherty
500,14,Kavan Smith
501,15,Daphne Zuniga
502,15,Dan Payne
503,15,
504,15,Faye Dunaway
505,16,Catherine Bell
506,16,Chris Potter
507,17,Jennifer Beals
508,17,Rick Roberts
509,18,Lauren Holly
510,18,Rick Roberts
511,19,Doris Roberts
512,19,Eric Johnson
513,19,
514,19,Lauren Holly
515,20,Kevin Sorbo
516,20,Jodie Dowdall
517,21,Christine Taylor
518,21,Vivica A. Fox
519,22,Ione Skye
520,22,Greg Germann
521,23,Catherine Steadman
522,23,Jacqueline Bisset
523,24,Fionnula Flanagan
524,24,John Rhys Davies
525,25,Marla Sokoloff
526,25,Mark Webber
527,26,Daniel Stern
528,26,Matt Frewer
529,0,Brian Austin Green
530,0,Graham Greene
531,0,Kathleen Munroe
532,1,Andrea Bowen
533,1,Greg Evigan
534,1,Gail O'Grady
535,0,Jane Seymour
536,0,Joe Lando
537,0,
538,0,Katie Flynn
539,1,Alicia Witt
540,1,Teddy Sears
541,1,
542,1,Frances Fisher
543,2,Elisa Donovan
544,2,Brad Rowe
545,2,
546,2,Tom Skerritt
547,3,Kellie Martin
548,3,Kiernan Shipka
549,3,
550,3,Simon Kassianides
551,4,Jennie Garth
552,4,Ethan Erickson
553,5,Richard Thomas
554,5,Kaj-Erik Eriksen
555,6,Danielle Panabaker
556,6,Sherry Stringfield
557,7,Anna Chlumsky
558,7,Warren Christie
559,8,Rob Estes
560,8,Sarah Manninen
561,9,Jack Coleman
562,9,Cassi Thomson
563,10,Roma Downey
564,10,Kayla Ewell
565,10,
566,10,Marion Ross
567,11,Nicollette Sheridan
568,11,Greg Wise
569,12,Jane Alexander
570,12,Victor Garber
571,12,
572,12,Jean Smart
573,13,Wes Brown
574,13,Julie Mond
575,14,Wes Brown
576,14,Julie Mond
577,14,
578,14,Cheryl Ladd
579,15,Rhea Perlman
580,15,Martin Mull
581,16,Catherine Bell
582,16,Chris Potter
583,16,Sarah Power
584,17,Natalie Hall
585,17,Greg Vaughan
586,17,
587,17,JoBeth Williams
588,18,Tricia Helfer
589,18,Greg Bryk
590,19,Elizabeth Berkley
591,19,Jason Gray-Stanford
592,20,Judd Nelson
593,20,Justin Landry
594,21,Jennie Garth
595,21,Brad Rowe
596,21,
597,21,Tom Arnold
598,22,Dean Cain
599,22,Rachel Blanchard
600,23,Kristy Swanson
601,23,Edward Herrmann
602,23,
603,23,Tess Harper
604,24,Thomas Stroppel
605,24,Chad Darrow
606,25,Faith Ford
607,25,Tom Cavanagh
608,25,
609,25,Gil Bellows
610,26,Bonnie Somerville
611,26,Jordan Bridges
612,27,Katie McGrath
613,27,Sam Heughan
614,27,
615,27,Roger Moore
616,28,Maria Thayer
617,28,Vivica A. Fox
618,28,
619,28,Sam Page
620,29,Melissa Gilbert
621,29,Robert Mailhouse
622,30,Billy Ray Cyrus
623,30,Gina Holden
624,31,Lindy Booth
625,31,Paul McGillion
626,0,Luke Perry
627,0,Lara Gilchrist
628,0,
629,0,Ron Lea
630,1,Brigid Brannagh
631,1,Sean Patrick Flannery
632,2,Lea Thompson
633,2,Steven Brand
634,3,Kim Delaney
635,3,Jared Abrahamson
636,0,Brooke Burns
637,0,Dylan Bruno
638,0,
639,0,Valerie Harper
640,1,Teri Polo
641,1,James Patrick Stuart
642,1,Bailee Madison
643,2,Brooke Burns
644,2,Gregory Harrison
645,3,Genie Francis
646,3,Ted McGinley
647,4,Barry Watson
648,4,Mia Kirshner
649,5,Eric Mabius
650,5,Brooke D'Orsay
651,5,
652,5,Gina Holden
653,6,Annie Potts
654,6,Kerry James
655,6,
656,6,Emilie Ullerup
657,7,Jessalyn Gilsig
658,7,Bailee Madison
659,8,Candace Cameron Bure
660,8,Victor Webster
661,9,Kellie Martin
662,9,Ethan Erickson
663,10,Mike Adair
664,10,Greg Arden
665,10,
666,10,Bev Carlson
667,11,Catherine Bell
668,11,Chris Potter
669,11,
670,11,Matthew Knight
671,12,Natasha Henstridge
672,12,Gabriel Hogan
673,13,Autumn Reeser
674,13,Antonio Cupo
675,14,Jason Gedrick
676,14,Erica Cerra
677,14,
678,14,Richard Harmon
679,15,Lacey Chabert
680,15,Adam Mayfield
681,16,Emmanuelle Vaugier
682,16,Carrie Fisher
683,17,Ami Shalabh
684,17,Ryan Bley
685,17,
686,17,Thomas Stroppel
687,18,Hilarie Burton
688,18,Matt Dallas
689,18,
690,18,Danneel Ackles
691,19,Joey Lawrence
692,19,Emily Hampshire
693,20,Arielle Kebbel
694,20,Andrew Walker
695,21,Teri Polo
696,21,Paul Essiembre
697,22,Andrew McCarthy
698,22,Michelle Nolden
699,23,Summer Glau
700,23,Eva LaRue
701,23,
702,23,John Brotherton
703,24,Casper Van Dien
704,24,Rachel Wilson
705,24,Ella Ballentine
706,0,Luke Perry
707,0,Cameron Bright
708,0,
709,0,Stefanie von Pfetten
710,1,Joely Fisher
711,1,Jamie Kennedy
712,1,
713,1,Roark Critchlow
714,2,Adrian Pasdar
715,2,Amy Huberman
716,3,Steven Weber
717,3,Sarah Smyth
718,4,Scottie Thompson
719,4,Jane Seymour
720,5,Sara Canning
721,5,John Pyper-Ferguson
722,5,
723,5,Greyston Holt
724,6,Dean Cain
725,6,Kristy Swanson
726,6,
727,6,Wade Williams
728,7,Julie Mond
729,7,Trevor Donovan
730,7,
731,7,Shelley Long
732,8,Natalie Hall
733,8,Darin Brooks
734,8,
735,8,Frances Fisher
736,0,Danielle Panabaker
737,0,Jessica P. Kennedy
738,0,
739,0,Britt Irvin
740,1,Kathryn Morris
741,1,James Best
742,2,William Baldwin
743,2,Natalie Brown
744,3,Bindi Irwin
745,3,Toby Wallace
746,3,
747,3,John Waters
748,4,Steven Weber
749,4,Andrew Francis
750,4,
751,4,Michelle Harrison
752,5,Michael Shanks
753,5,Kathleen Robertson
754,6,Sherry Stringfield
755,6,Katie Leclerc
756,7,Eddie Cibrian
757,7,Josie Davis
758,8,Brooke White
759,8,Mercedes Ruehl
760,9,Alison Sweeney
761,9,Greg Vaughan
762,10,Eric Mabius
763,10,Virginia Williams
764,10,
765,10,Stefanie Powers
766,11,Diane Neal
767,11,Travis Schuldt
768,12,Emily Alyn Lind
769,12,Mary-Charles Jones
770,13,Lori Loughlin
771,13,Rick Ravanello
772,13,
773,13,Sarah Strange
774,14,Bryce Clyde Jenkins
775,14,Harrison Knight
776,15,Eric Mabius
777,15,Kristin Booth
778,15,
779,15,Crystal Lowe
780,16,Maggie Grace
781,16,Stephen Amell
782,16,
783,16,Lori Loughlin
784,17,Victor Garber
785,17,Robbie Amell
786,17,
787,17,Alexa Vega
788,18,Catherine Bell
789,18,Chris Potter
790,18,
791,18,Robin Dunne
792,19,Emily Rose
793,19,Justin Bruening
794,20,Zachary Gordon
795,20,Molly Parker
796,21,Katrina Law
797,21,Jordan Belfi
798,21,
799,21,Patricia Richardson
800,22,Alicia Witt
801,22,Mark Wiebe
802,23,Kellie Martin
803,23,Cameron Mathison
804,24,Shannon Elizabeth
805,24,Steve Byers
806,25,Chyler Leigh
807,25,Paul Campbell
808,25,
809,25,Cameron Mathison
810,26,Sarah Lancaster
811,26,Eric Johnson
812,27,Candace Cameron Bure
813,27,Jesse Hutch
814,27,
815,27,Alan Thicke
816,28,Nicollette Sheridan
817,28,Bart Johnson
818,28,
819,28,Sammi Hanratty
820,29,Ethan Erickson
821,29,Sean Astin
822,30,Haylie Duff
823,30,Antonio Cupo
824,31,Tricia Helfer
825,31,JT Hodges
826,31,
827,31,Mark Lutz
828,0,Luke Perry
829,0,Ricky Schroder
830,0,
831,0,Katharine Isabelle
832,1,Sonia Braga
833,1,Mercedes Renard
834,1,
835,1,Ana Ayora
836,2,Ricky Schroder
837,2,Cambrie Schroder
838,3,Wes Brown
839,3,Kevin Sorbo
840,3,
841,3,Gail O'Grady
842,4,Wendie Malick
843,4,Andrea Martin
844,4,
845,4,Martha Burns
846,5,Austin Stowell
847,5,Kayla Ewell
848,5,
849,5,Danny Glover
850,6,Gail O'Grady
851,6,Michelle Harrison
852,7,James Brolin
853,7,Gage Munroe
854,7,
855,7,Barbara Gordon
856,0,Brooke D'Orsay
857,0,Wes Brown
858,1,Erin Krakow
859,1,Ryan McPartlin
860,2,Rachel Boston
861,2,Kirby Morrow
862,3,Jessica Szohr
863,3,Benjamin Hollingsworth
864,4,Kristy Swanson
865,4,Scott Grimes
866,5,Bonnie Somerville
867,5,James Tupper
868,6,Sarah Lancaster
869,6,Kip Pardue
870,6,
871,6,Brandon Quinn
872,7,Meghan Markle
873,7,Christopher Jacot
874,7,
875,7,Lochlyn Munro
876,8,Harry Connick Jr.
877,8,Connie Britton
878,9,Lisa Whelchel
879,9,Antonio Cupo
880,10,Vanessa Marcil
881,10,James Denton
882,10,
883,10,Cindy Pickett
884,11,Drew Fuller
885,11,Lindsay Hartley
886,11,
887,11,Morgan Fairchild
888,12,Autumn Reeser
889,12,Christopher Russell
890,12,
891,12,Richard Burgi
892,13,Danielle Panabaker
893,13,Shawn Roberts
894,13,
895,13,Pascale Hutton
896,14,Erika Christensen
897,14,Teryl Rothery
898,15,Catherine Bell
899,15,Chris Potter
900,15,
901,15,Catherine Disher
902,16,Sarah Carter
903,16,Damon Runyan
904,17,Kimberley Sustad
905,17,Brandon Routh
906,17,
907,17,Chelsea Hobbs
908,18,Erin Krakow
909,18,David Haydn-Jones
910,18,
911,18,Alan Thicke
912,19,Tiffani Thiessen
913,19,Josh Hopkins
914,19,
915,19,Bailee Madison
916,20,Jessalyn Gilsig
917,20,Sergio Di Zio
918,20,
919,20,Graham Abbey
920,21,Lacey Chabert
921,21,Stephen Hagan
922,21,
923,21,Jane Seymour
924,22,Teri Polo
925,22,Martin Cummins
926,23,Candace Cameron Bure
927,23,David O'Donnell
928,24,Anne Heche
929,24,Kevin Daniels
930,24,
931,24,Carlos Gómez
932,25,Kendra Anderson
933,25,Candus Churchill
934,26,Alicia Witt
935,26,Gabriel Hogan
936,26,
937,26,Wallace Shawn
938,27,Torrey DeVitto
939,27,Steve Lund
940,28,AnnaLynne McCord
941,28,Jefferson Brown
942,0,Rachel Blanchard
943,0,Cameron Mathison
944,0,Steve Bacic
945,1,Drew Waters
946,1,Erin Bethea
947,2,Lacey Chabert
948,2,Warren Christie
949,3,Meghan Ory
950,3,Luke Macfarlane
951,4,Cameron Mathison
952,4,Sarah Lancaster
953,5,Erica Durance
954,5,Andrew Walker
955,6,Lori Loughlin
956,6,Sarah Strange
957,6,Steve Bacic
958,7,Eric Mabius
959,7,Kristin Booth
960,7,Crystal Lowe
961,8,Bethany Joy Lenz
962,8,John Reardon
963,0,Hilarie Burton
964,0,Paul Campbell
965,1,Amy Acker
966,1,Dylan Bruce
967,2,Arielle Kebbel
968,2,Andrew Walker
969,3,Leah Renee
970,3,Kristopher Turner
971,4,Jason Lee
972,4,Minka Kelly
973,5,Megan Park
974,5,Benjamin Hollingsworth
975,6,Autumn Reeser
976,6,Shawn Roberts
977,7,Kellie Martin
978,7,Chad Willett
979,8,Katie Leclerc
980,8,Michael Rady
981,9,Lacey Chabert
982,9,Brennan Elliott
983,10,Jason Dohring
984,10,Bree Williamson
985,11,Heather Morris
986,11,Jonathan Bennett
987,12,Candace Cameron Bure
988,12,Ty Olsson
989,13,Danica McKellar
990,13,Paul Greene
991,14,Teri Polo
992,14,Paul Johansson
993,15,Jesse Metcalfe
994,15,Autumn Reeser
995,16,Lacey Chabert
996,16,Tyron Leitso
997,17,William Baldwin
998,17,Kari Matchett
999,18,Alison Sweeney
1000,18,Jonathan Scarfe
1001,19,Jill Wagner
1002,19,Colin Egglesfield
1003,20,Jessy Schram
1004,20,Jesse Hutch
1005,21,Ashley Williams
1006,21,Sam Jaeger
1007,22,Tom Selleck
1008,22,Kohl Sudduth
1009,23,Catherine Bell
1010,23,James Denton
1011,24,Sarah Lancaster
1012,24,Brendan Penny
1013,25,Rachel Boston
1014,25,David Alpay
1015,26,Julie Benz
1016,26,David Sutcliffe
1017,27,Alicia Witt
1018,27,George Stults
1019,28,Shenae Grimes
1020,28,Steve Lund
1021,29,Lori Loughlin
1022,29,Bailee Madison
1023,30,Jessica Lowndes
1024,30,Christopher Russell
1025,31,Briana Evigan
1026,31,Paul Campbell
1027,32,Katrina Law
1028,32,Aaron O'Connell
1029,33,Danica McKellar
1030,33,Rupert Penry-Jones
1031,34,Candace Cameron Bure
1032,34,Paul Greene
1033,35,Jennifer Finnigan
1034,35,Jonathan Scarfe
1035,36,Eloise Mumford
1036,36,Michael Stahl-David
1037,37,Katie Findlay
1038,37,Wyatt Nash
1039,38,Brooke Nevin
1040,38,Robin Dunne
1041,39,Lacey Chabert
1042,39,Brennan Elliott
1043,39,
1044,39,Mariah Carey
1045,40,Nikki Deloach
1046,40,Luke Macfarlane
1047,41,Erin Krakow
1048,41,Daniel Lissing
1049,41,
1050,41,Lori Loughlin
1051,0,Emmanuelle Vaugier
1052,0,Luke Perry
1053,1,Holly Marie Combs
1054,1,Ben Bass
1055,2,Emily Kinney
1056,2,John Reardon
1057,3,Cindy Busby
1058,3,Ryan Paevey
1059,4,Meghan Markle
1060,4,Kristoffer Polaha
1061,4,
1062,4,Jonathan Scarfe
1063,5,Sarah Rafferty
1064,5,Samuel Page
1065,6,Taylor Cole
1066,6,Andrew Walker
1067,7,Autumn Reeser
1068,7,Eric Johnson
1069,7,
1070,7,Damon Runyan
1071,8,Erika Christensen
1072,8,Paul Greene
1073,9,Nicollette Sheridan
1074,9,Dan Payne
1075,10,Lisa Whelchel
1076,10,Michael Shanks
1077,11,Beau Garrett
1078,11,Benjamin Ayres
1079,11,
1080,11,Brenda Strong
1081,12,Fiona Gubelmann
1082,12,Lucas Bryant
1083,13,Shenae Grimes
1084,13,Andrew Walker
1085,13,
1086,13,Bailee Madison
1087,14,Danica McKellar
1088,14,Kavan Smith
1089,15,Alexa PenaVega
1090,15,Shawn Roberts
1091,16,Rachel Boston
1092,16,Niall Matter
1093,16,
1094,16,Alan Thicke
1095,17,Vanessa Marcil
1096,17,David Sutcliffe
1097,18,Jack Wagner
1098,18,Josie Bissett
1099,18,
1100,18,Emily Tennant
1101,19,Susie Abromeit
1102,19,Dillon Casey
1103,20,Hilarie Burton
1104,20,Victor Webster
1105,21,James Denton
1106,21,Natalie Brown
1107,22,Taylor Cole
1108,22,Jack Turner
1109,22,
1110,22,Lauren Holly
1111,23,Julianna Guill
1112,23,Marc Bendavid
1113,23,
1114,23,Vivica A. Fox
1115,24,Rachael Leigh Cook
1116,24,Lucas Bryant
1117,24,
1118,24,Travis Milne
1119,25,Debbie Gibson
1120,25,Robert Gant
1121,25,
1122,25,Pascale Hutton
1123,26,Ashley Williams
1124,26,Trevor Donovan
1125,26,
1126,26,Marilu Henner
1127,27,Rachael Leigh Cook
1128,27,Brendan Penny
1129,28,Julie Gonzalo
1130,28,Eric Aragon
1131,29,Catherine Bell
1132,29,James Denton
1133,30,Lacey Chabert
1134,30,Paul Greene
1135,30,
1136,30,Andrea Brooks
1137,31,Jaime King
1138,31,Luke Macfarlane
1139,32,Lori Loughlin
1140,32,Colin Ferguson
1141,33,Jill Wagner
1142,33,Wes Brown
1143,34,Danica McKellar
1144,34,David Haydn-Jones
1145,35,Jessica Lowndes
1146,35,Daniel Lissing
1147,36,Melissa Joan Hart
1148,36,Dean Cain
1149,36,
1150,36,Jackée Harry
1151,37,Taylor Cole
1152,37,Michael Rady
1153,38,Alicia Witt
1154,38,Gabriel Hogan
1155,39,Kristin Davis
1156,39,Eric McCormack
1157,39,
1158,39,Shirley MacLaine
1159,40,Candace Cameron Bure
1160,40,Oliver Hudson
1161,41,Nikki DeLoach
1162,41,Andrew Walker
1163,41,
1164,41,Cindy Williams
1165,42,Anne Heche
1166,42,Dylan Neal
1167,43,Amy Acker
1168,43,Sascha Radetsky
1169,43,Sophia Lucia
1170,44,Bonnie Somerville
1171,44,Brennan Elliott
1172,45,Meredith Hagner
1173,45,Bobby Campo
1174,46,Erin Cahill
1175,46,David Alpay
1176,47,Erin Krakow
1177,47,Daniel Lissing
1178,47,
1179,47,Lori Loughlin
1180,0,Lori Loughlin
1181,0,Steve Bacic
1182,1,Alison Sweeney
1183,1,Cameron Mathison
1184,2,Brooke Shields
1185,2,Brennan Elliott
1186,3,Doug Jones
1187,3,Raquel Welch
1188,4,Eric Mabius
1189,4,Kristin Booth
1190,5,Katie Findlay
1191,5,Wyatt Nash
1192,6,Shenae Grimes
1193,6,Sean Faris
1194,7,Brooke Shields
1195,7,Brennan Elliott
1196,8,Jennie Garth
1197,8,Dan Payne
1198,9,Lori Loughlin
1199,9,Steve Bacic
1200,10,Candace Cameron Bure
1201,10,Yannick Bisson
1202,11,Alison Sweeney
1203,11,Cameron Mathison
1204,12,Brooke Shields
1205,12,Brennan Elliott
1206,13,Eric Mabius
1207,13,Kristin Booth
1208,14,Jon Voight
1209,14,James Caan
1210,15,Eric Mabius
1211,15,Kristin Booth
1212,16,Alison Sweeney
1213,16,Marc Blucas
1214,17,Dylan Neal
1215,17,Brooke Burns
1216,18,Candace Cameron Bure
1217,18,Yannick Bisson
1218,19,Kellie Martin
1219,19,Matthew MacCaull
1220,20,Marguerite Moreau
1221,20,Mike Faiola
1222,21,Erin Krakow
1223,21,Niall Matter
1224,22,Tricia Helfer
1225,22,Marc Blucas
1226,23,James Brolin
1227,23,Mena Suvari
1228,23,
1229,23,John Reardon
1230,24,Emilie Ullerup
1231,24,Kristoffer Polaha
1232,25,Lindy Booth
1233,25,Robin Dunne
1234,26,Mira Sorvino
1235,26,Cameron Mathison
1236,0,Rachel Boston
1237,0,Marc Bendavid
1238,1,Julie Berman
1239,1,Andrew Walker
1240,2,Merritt Patterson
1241,2,Jack Donnelly
1242,3,Jessy Schram
1243,3,Luke Macfarlane
1244,4,Rebecca Romijn
1245,4,Jerry O'Connell
1246,5,Jennifer Finnigan
1247,5,Samuel Page
1248,6,Jen Lilley
1249,6,Brendan Penny
1250,7,William Baldwin
1251,7,Stefanie von Pfetten
1252,8,Amy Smart
1253,8,Adrian Grenier
1254,9,Shantel VanSanten
1255,9,Victor Webster
1256,10,Danica McKellar
1257,10,Paul Greene
1258,11,Jana Kramer
1259,11,Kevin McGarry
1260,12,Lacey Chabert
1261,12,Carlo Marks
1262,13,Cassidy Gifford
1263,13,Wyatt Nash
1264,14,Nikki DeLoach
1265,14,Andrew Walker
1266,15,Taylor Cole
1267,15,Steve Lund
1268,16,Sara Rue
1269,16,Steve Bacic
1270,17,Alexa PenaVega
1271,17,Jeremy Guilbaut
1272,18,Pascale Hutton
1273,18,Kavan Smith
1274,19,Jack Wagner
1275,19,Josie Bissett
1276,20,Maggie Lawson
1277,20,Paul Greene
1278,21,Brooke Nevin
1279,21,Steve Byers
1280,22,Amanda Righetti
1281,22,Peter Porte
1282,23,Rachael Leigh Cook
1283,23,Brendan Penny
1284,24,Jen Lilley
1285,24,Jason Cermak
1286,25,Andie MacDowell
1287,25,Cameron Mathison
1288,26,Tricia Helfer
1289,26,Paul Campbell
1290,27,Julie Gonzalo
1291,27,Benjamin Ayres
1292,28,Jen Lilley
1293,28,Ryan Paevey
1294,29,Lacey Chabert
1295,29,Brennan Elliott
1296,30,Sarah Jane Morris
1297,30,Andrew Walker
1298,31,Jill Wagner
1299,31,Victor Webster
1300,32,Catherine Bell
1301,32,James Denton
1302,33,Rachel Skarsten
1303,33,Trevor Donovan
1304,34,Taylor Cole
1305,34,Damon Runyan
1306,35,Brooke D'Orsay
1307,35,Marc Blucas
1308,36,Lacey Chabert
1309,36,Jonathan Adams
1310,37,Alexa PenaVega
1311,37,Carlos PenaVega
1312,38,Danica McKellar
1313,38,Neal Bledsoe
1314,39,Ali Liebert
1315,39,Peter Porte
1316,40,Emilie Ullerup
1317,40,Aaron O'Connell
1318,41,Alicia Witt
1319,41,David Alpay
1320,42,Jodie Sweetin
1321,42,Eric Winter
1322,43,Dermot Mulroney
1323,43,Kimberly Williams-Paisley
1324,44,Candace Cameron Bure
1325,44,Eion Bailey
1326,45,Ashley Williams
1327,45,Teddy Sears
1328,46,Alison Sweeney
1329,46,Jordan Bridges
1330,47,Merritt Patterson
1331,47,Steve Lund
1332,48,Ellen Hollman
1333,48,Bobby Campo
1334,49,Jesse Metcalfe
1335,49,Fiona Gubelmann
1336,50,Brooke Burns
1337,50,Tom Everett Scott
1338,51,Bridget Regan
1339,51,Travis Van Winkle
1340,52,Erin Krakow
1341,52,Daniel Lissing
1342,53,Jessy Schram
1343,53,Samuel Page
1344,0,Lori Loughlin
1345,0,Steve Bacic
1346,1,Jewel Kilcher
1347,1,Colin Ferguson
1348,2,Jes Macallan
1349,2,Sean Faris
1350,3,Eric Mabius
1351,3,Kristin Booth
1352,4,Candace Cameron Bure
1353,4,Yannick Bisson
1354,5,Alison Sweeney
1355,5,Cameron Mathison
1356,6,Jewel Kilcher
1357,6,Colin Ferguson
1358,7,Kellie Martin
1359,7,Matthew MacCaull
1360,8,Candace Cameron Bure
1361,8,Yannick Bisson
1362,9,Courtney Thorne-Smith
1363,9,James Tupper
1364,10,Catherine Bell
1365,10,Victor Webster
1366,11,Lori Loughlin
1367,11,Steve Bacic
1368,12,Lori Loughlin
1369,12,Steve Bacic
1370,13,Lori Loughlin
1371,13,Steve Bacic
1372,14,Lori Loughlin
1373,14,Steve Bacic
1374,15,Eric Mabius
1375,15,Kristin Booth
1376,16,Dylan Neal
1377,16,Brooke Burns
1378,17,Kellie Martin
1379,17,Matthew MacCaull
1380,18,Kimberly Williams-Paisley
1381,18,Tom Cavanagh
1382,19,Tara Holt
1383,19,Samuel Page
1384,20,Catherine Bell
1385,20,Eric Close
1386,21,Becca Tobin
1387,21,Kevin McGarry
1388,22,Erin Krakow
1389,22,Niall Matter
1390,23,Julie Benz
1391,23,Michael Shanks
1392,24,Autumn Reeser
1393,24,David Haydn-Jones
1394,25,Natalie Knepp
1395,25,Michael Rady
1396,26,Rachel Boston
1397,26,Paul Greene
1398,27,Jessica Lowndes
1399,27,Brendan Penny
1400,28,Maggie Lawson
1401,28,Brennan Elliott
1402,29,Jill Wagner
1403,29,Luke Macfarlane
1404,30,Nicky Whelan
1405,30,Josh Kelly
1406,31,Lindy Booth
1407,31,Kristoffer Polaha
1408,0,Katrina Bowden
1409,0,Thomas Beaudoin
1410,1,Rachael Leigh Cook
1411,1,Niall Matter
1412,2,Taylor Cole
1413,2,Jack Turner
1414,3,Kristy Swanson
1415,3,Dean Cain
1416,4,Lacey Chabert
1417,4,Andrew W. Walker
1418,5,Danica McKellar
1419,5,Cameron Mathison
1420,6,Ali Liebert
1421,6,Brett Dalton
1422,7,Josie Bissett
1423,7,Jack Wagner
1424,8,Cindy Busby
1425,8,Andrew Cooper
1426,9,Amanda Schull
1427,9,Peter Porte
1428,10,Julie Gonzalo
1429,10,Chris McNally
1430,11,Bethany Joy Lenz
1431,11,Will Kemp
1432,12,Poppy Drayton
1433,12,Steven R. McQueen
1434,13,Megan Park
1435,13,Jonathan Keltz
1436,14,Minka Kelly
1437,14,Chad Michael Murray
1438,15,Fiona Gubelmann
1439,15,Torrance Coombs
1440,16,Cindy Busby
1441,16,Ryan Paevey
1442,17,Pascale Hutton
1443,17,Kavan Smith
1444,18,Becca Tobin
1445,18,Niall Matter
1446,19,Jack Wagner
1447,19,Josie Bissett
1448,20,Jen Lilley
1449,20,Marcus Rosner
1450,21,Lacey Chabert
1451,21,Jon Cor
1452,22,Catherine Bell
1453,22,Cameron Mathison
1454,23,Alexa PenaVega
1455,23,Carlos PenaVega
1456,24,Jill Wagner
1457,24,Kristoffer Polaha
1458,25,Autumn Reeser
1459,25,Marc Blucas
1460,26,Debbie Gibson
1461,26,Robert Gant
1462,27,Danica McKellar
1463,27,Andrew W. Walker
1464,28,Nikki DeLoach
1465,28,Dylan Neal
1466,29,Lacey Chabert
1467,29,Brennan Elliott
1468,30,Taylor Cole
1469,30,Tyler Hynes
1470,31,Lindy Booth
1471,31,Wes Brown
1472,32,Kelly Rutherford
1473,32,Cameron Mathison
1474,33,Catherine Bell
1475,33,James Denton
1476,34,Jessica Lowndes
1477,34,Michael Rady
1478,35,Danielle Panabaker
1479,35,Matt Long
1480,36,Jessy Schram
1481,36,Chad Michael Murray
1482,37,LeAnn Rimes
1483,37,Tyler Hynes
1484,38,Brooke D'Orsay
1485,38,Daniel Lissing
1486,39,Kellie Pickler
1487,39,Wes Brown
1488,40,Jill Wagner
1489,40,Mark Deklin
1490,41,Nikki DeLoach
1491,41,Mike Faiola
1492,42,Merritt Patterson
1493,42,Andrew Cooper
1494,43,Lacey Chabert
1495,43,Brendan Penny
1496,44,Tatyana Ali
1497,44,Dondre T. Whitfield
1498,45,Candace Cameron Bure
1499,45,Luke Macfarlane
1500,46,Jen Lilley
1501,46,Brant Daugherty
1502,47,Jerrika Hinton
1503,47,Christian Vincent
1504,48,Lori Loughlin
1505,48,Victor Webster
1506,49,Eric Mabius
1507,49,Jennifer Finnigan
1508,50,Jodie Sweetin
1509,50,Brendan Fehr
1510,51,Tia Mowry-Hardrict
1511,51,Duane Henry
1512,52,Brooke Nevin
1513,52,Michael Cassidy
1514,53,Alexa PenaVega
1515,53,Jonathan Bennett
1516,54,Erin Krakow
1517,54,Jack Wagner
1518,55,Adelaide Kane
1519,55,Carlos PenaVega
1520,0,Candace Cameron Bure
1521,0,Yannick Bisson
1522,1,Courtney Thorne-Smith
1523,1,James Tupper
1524,2,Holly Robinson Peete
1525,2,Rick Fox
1526,3,Eric Mabius
1527,3,Kristin Booth
1528,4,Jewel Kilcher
1529,4,Colin Ferguson
1530,5,Candace Cameron Bure
1531,5,Marilu Henner
1532,6,Kimberly Williams-Paisley
1533,6,Tom Cavanagh
1534,7,Kellie Martin
1535,7,Chad Lowe
1536,8,Kellie Martin
1537,8,Chad Lowe
1538,9,Kellie Martin
1539,9,Chad Lowe
1540,10,Eric Mabius
1541,10,Kristin Booth
1542,11,Holly Robinson Peete
1543,11,Rick Fox
1544,12,Candace Cameron Bure
1545,12,Niall Matter
1546,13,Lori Loughlin
1547,13,Steve Bacic
1548,14,Lori Loughlin
1549,14,Steve Bacic
1550,15,Lori Loughlin
1551,15,Steve Bacic
1552,16,Lori Loughlin
1553,16,Steve Bacic
1554,17,Kimberly Williams-Paisley
1555,17,Tom Cavanagh
1556,18,Erin Krakow
1557,18,Niall Matter
1558,19,Eloise Mumford
1559,19,Sean Faris
1560,20,Tori Anderson
1561,20,Stephen Huszar
1562,21,Kimberley Sustad
1563,21,Paul Campbell
1564,22,Erin Cahill
1565,22,Justin Bruening
1566,23,Scottie Thompson
1567,23,Ryan Paevey
1568,24,Alicia Witt
1569,24,Colin Ferguson
1570,25,Emily Osment
1571,25,Ryan Rottman
1572,26,Aimee Teegarden
1573,26,Brett Dalton
1574,27,Christina Milian
1575,27,Mark Taylor
1576,28,Megan Park
1577,28,Josh Henderson
1578,29,Ashley Williams
1579,29,Corey Sevier
1580,30,Ashley Newbrough
1581,30,Kristoffer Polaha
1582,31,Chelsea Kane
1583,31,Drew Seeley
1584,32,Danica McKellar
1585,32,Brennan Elliott
1586,33,Emilie Ullerup
1587,33,Josh Kelly
1588,0,Emilie Ullerup
1589,0,Kevin McGarry
1590,1,Taylor Cole
1591,1,Jack Turner
1592,2,Natalie Hall
1593,2,Chris McNally
1594,3,Jen Lilley
1595,3,Kevin McGarry
1596,4,Lindy Booth
1597,4,Trevor Donovan
1598,5,Rachael Leigh Cook
1599,5,Brendan Penny
1600,6,Maggie Lawson
1601,6,Sam Page
1602,7,Lacey Chabert
1603,7,Will Kemp
1604,8,Autumn Reeser
1605,8,Kavan Smith
1606,9,Meghann Fahy
1607,9,Luke Macfarlane
1608,10,Jodie Sweetin
1609,10,David Haydn-Jones
1610,11,Julie Gonzalo
1611,11,Tyler Hynes
1612,12,Nikki DeLoach
1613,12,Michael Rady
1614,13,Arielle Kebbel
1615,13,Nick Bateman
1616,14,Sara Rue
1617,14,Jordan Bridges
1618,15,Bethany Joy Lenz
1619,15,Andrew Walker
1620,16,Fiona Gubelmann
1621,16,Brendan Penny
1622,17,Nikki DeLoach
1623,17,Jeff Hephner
1624,18,Jen Lilley
1625,18,Dan Jeannotte
1626,19,Jonna Walsh
1627,19,Nathan Parsons
1628,20,Leah Renee
1629,20,Chris McNally
1630,21,Jocelyn Hudon
1631,21,Ryan Paevey
1632,22,Emeraude Toubia
1633,22,Tom Maden
1634,23,Kellie Pickler
1635,23,Wes Brown
1636,24,Josie Bissett
1637,24,Jack Wagner
1638,25,Heather Hemmens
1639,25,Cornelius Smith Jr.
1640,26,Rachel Boston
1641,26,Paul Campbell
1642,27,Becca Tobin
1643,27,Ryan Rottman
1644,28,Jen Lilley
1645,28,Christopher Russell
1646,29,Italia Ricci
1647,29,Peter Porte
1648,30,Danica McKellar
1649,30,Mark Deklin
1650,31,Roselyn Sanchez
1651,31,Eric Winter
1652,32,Erin Krakow
1653,32,Ryan Paevey
1654,33,Autumn Reeser
1655,33,Brennan Elliott
1656,34,Pascale Hutton
1657,34,Sam Page
1658,35,Merritt Patterson
1659,35,Jack Turner
1660,36,Jessica Lowndes
1661,36,Wes Brown
1662,37,Erin Cahill
1663,37,Trevor Donovan
1664,38,Catherine Bell
1665,38,James Denton
1666,39,Jill Wagner
1667,39,Matthew Davis
1668,40,Jodie Sweetin
1669,40,Andrew Walker
1670,41,Kim Shaw
1671,41,Kevin McGarry
1672,42,Merritt Patterson
1673,42,Jon Cor
1674,43,Kellie Pickler
1675,43,Tyler Hynes
1676,44,Jesse Metcalfe
1677,44,Autumn Reeser
1678,45,Torrey DeVitto
1679,45,Chad Michael Murray
1680,46,Kaitlin Doubleday
1681,46,Adrian Grenier
1682,47,Ali Liebert
1683,47,Peter Porte
1684,48,Chaley Rose
1685,48,Rome Flynn
1686,49,Rachel Boston
1687,49,Wes Brown
1688,50,Elizabeth Mitchell
1689,50,Cameron Mathison
1690,51,Elizabeth Henstridge
1691,51,Ryan Paevey
1692,52,Maggie Lawson
1693,52,Paul Greene
1694,53,Lacey Chabert
1695,53,Sam Page
1696,54,Candace Cameron Bure
1697,54,Tim Rozon
1698,55,Kristin Chenoweth
1699,55,Scott Wolf
1700,56,Danica McKellar
1701,56,Niall Matter
1702,57,Matt Cohen
1703,57,Brittany Bristow
1704,58,Erica Deutschman
1705,58,Chad Connell
1706,59,Carly Pope
1707,59,Kristoffer Polaha
1708,60,Eric Mabius
1709,60,Tricia Helfer
1710,61,Erin Krakow
1711,61,Jack Wagner
1712,0,Taylor Cole
1713,0,Stephen Huszar
1714,1,Jill Wagner
1715,1,Kristoffer Polaha
1716,2,Courtney Thorne-Smith
1717,2,James Tupper
1718,3,Alison Sweeney
1719,3,Benjamin Ayres
1720,4,Alison Sweeney
1721,4,Benjamin Ayres
1722,5,Alison Sweeney
1723,5,Benjamin Ayres
1724,6,Lacey Chabert
1725,6,Brennan Elliott
1726,7,Holly Robinson-Peete
1727,7,Rick Fox
1728,8,Holly Robinson-Peete
1729,8,Rick Fox
1730,9,Holly Robinson-Peete
1731,9,Rick Fox
1732,10,Kellie Martin
1733,10,Viv Leacock
1734,11,Kellie Martin
1735,11,Viv Leacock
1736,12,Kellie Martin
1737,12,Viv Leacock
1738,13,Alexa PenaVega
1739,13,Carlos PenaVega
1740,14,Jill Wagner
1741,14,Kristoffer Polaha
1742,15,Lily Anne Harrison
1743,15,Bobby Campo
1744,16,Candace Cameron Bure
1745,16,Niall Matter
1746,17,Candace Cameron Bure
1747,17,Niall Matter
1748,18,Candace Cameron Bure
1749,18,Niall Matter
1750,19,Alison Sweeney
1751,19,Benjamin Ayres
1752,20,Kimberly Williams-Paisley
1753,20,Tom Cavanagh
1754,21,Jill Wagner
1755,21,Kristoffer Polaha
1756,22,Jill Wagner
1757,22,Kristoffer Polaha
1758,23,Taylor Cole
1759,23,Stephen Huszar
1760,24,Danica McKellar
1761,24,Victor Webster
1762,25,Lacey Chabert
1763,25,Brennan Elliott
1764,26,Ashley Newbrough
1765,26,Kyle Dean Massey
1766,27,Brooke D'Orsay
1767,27,Trevor Donovan
1768,28,Nikki DeLoach
1769,28,Michael Rady
1770,29,Rachael Leigh Cook
1771,29,Benjamin Ayres
1772,30,Melissa Claire Egan
1773,30,Marc Blucas
1774,31,Tamera Mowry-Housley
1775,31,Brooks Darnell
1776,32,Cindy Busby
1777,32,Benjamin Hollingsworth
1778,33,Ashley Williams
1779,33,Paul Campbell
1780,34,Alicia Witt
1781,34,Brendan Hines
1782,35,Erin Krakow
1783,35,Luke Macfarlane
1784,36,Laura Osnes
1785,36,Stephen Huszar
1786,37,Alison Sweeney
1787,37,Lucas Bryant
1788,38,Kellie Martin
1789,38,Colin Ferguson
1790,39,Jen Lilley
1791,39,Carlo Marks
1792,40,Ashley Greene
1793,40,Andrew Walker
1794,41,Holly Robinson Peete
1795,41,Dion Johnstone
1796,0,Lacey Chabert
1797,0,Tyler Hynes
1798,1,Italia Ricci
1799,1,Chad Michael Murray
1800,2,Kaitlin Doubleday
1801,2,Colin Donnell
1802,3,Jessy Schram
1803,3,Marshall Williams
1804,4,Jill Wagner
1805,4,Victor Webster
1806,5,Bethany Joy Lenz
1807,5,Luke Macfarlane
1808,6,Taylor Cole
1809,6,Ryan Paevey
1810,7,Erin Cahill
1811,7,Brendan Penny
1812,8,Alexandra Breckenridge
1813,8,Robert Buckley
1814,9,Justin Kelly
1815,9,Merritt Patterson
1816,10,Laura Osnes
1817,10,Scott Michael Foster
1818,11,Bethany Joy Lenz
1819,11,Brett Dalton
1820,12,Natalie Hall
1821,12,Michael Rady
1822,13,Kat Graham
1823,13,Kendrick Sampson
1824,14,Emilie Ullerup
1825,14,Christopher Russell
1826,15,Tammin Sursok
1827,15,Travis Van Winkle
1828,16,Julie Gonzalo
1829,16,Jonathan Chase
1830,17,Carlson Young
1831,17,Aaron Jakubenko
1832,18,Cindy Busby
1833,18,Christopher Russell
1834,19,Tori Anderson
1835,19,Benjamin Hollingsworth
1836,20,Cindy Busby
1837,20,Torrance Coombs
1838,21,Morgan Kohan
1839,21,Marcus Rosner
1840,22,Kimberley Sustad
1841,22,Paul Campbell
1842,23,Becca Tobin
1843,23,Ryan Kelley
1844,24,Brooke Nevin
1845,24,Jake Sandvig
1846,25,Cindy Busby
1847,25,Marshall Williams
1848,26,Clark Backo
1849,26,Jonathan Keltz
1850,27,Jessy Schram
1851,27,Niall Matter
1852,28,Chaley Rose
1853,28,Nathan Witte
1854,29,Nikki DeLoach
1855,29,Andrew Walker
1856,30,Julie Gonzalo
1857,30,Ronnie Rowe Jr.
1858,31,Merritt Patterson
1859,31,Luke Macfarlane
1860,32,Laura Osnes
1861,32,Aaron Tveit
1862,33,Mallory Jansen
1863,33,Tyler Hynes
1864,34,Ashley Williams
1865,34,Niall Matter
1866,35,Katrina Law
1867,35,Carlo Marks
1868,36,Sarah Drew
1869,36,Brennan Elliott
1870,37,Erin Cahill
1871,37,Ryan Paevey
1872,38,Jessy Schram
1873,38,Wes Brown
1874,39,Robert Buckley
1875,39,Ana Ayora
1876,40,Vanessa Lengies
1877,40,Corey Sevier
1878,41,Rochelle Aytes
1879,41,Mark Taylor
1880,42,Alison Sweeney
1881,42,Marc Blucas
1882,43,Kimberley Sustad
1883,43,Paul Campbell
1884,44,Bethany Joy Lenz
1885,44,Victor Webster
1886,45,Lacey Chabert
1887,45,Will Kemp
1888,46,Candace Cameron Bure
1889,46,Warren Christie
1890,47,Rukiya Bernard
1891,47,Antonio Cayonne
1892,48,Danica McKellar
1893,48,Dylan Neal
1894,49,Mia Kirshner
1895,49,Ben Savage
1896,50,Tamera Mowry-Housley
1897,50,Michael Xavier
1898,51,Rachel Boston
1899,51,Neal Bledsoe
1900,52,Rachael Leigh Cook
1901,52,Greyston Holt
1902,0,Lacey Chabert
1903,0,Brennan Elliott
1904,1,Jesse Metcalfe
1905,1,Sarah Lind
1906,2,Dylan Neal
1907,2,Brooke Burns
1908,3,Alexa PenaVega
1909,3,Carlos PenaVega
1910,4,Jesse Metcalfe
1911,4,Sarah Lind
1912,5,Jill Wagner
1913,5,Kristoffer Polaha
1914,6,Taylor Cole
1915,6,Stephen Huszar
1916,7,Danica McKellar
1917,7,Victor Webster
1918,8,Candace Cameron Bure
1919,8,Niall Matter
1920,9,Rachel Skarsten
1921,9,Brant Daugherty
1922,10,Rachel Hendrix
1923,10,Daniel Stine
1924,11,Jon Voight
1925,11,James Caan
1926,11,
1927,11,Teri Polo
1928,12,Galadriel Stineman
1929,12,Kevin Joy
1930,13,Alexa PenaVega
1931,13,Carlos PenaVega
1932,14,Candace Cameron Bure
1933,14,Niall Matter
1934,15,Alicia Witt
1935,15,Andrew Walker
1936,16,Alvina August
1937,16,Eion Bailey
1938,17,Nikki DeLoach
1939,17,Benjamin Ayres
1940,18,Janel Parrish
1941,18,Jeremy Jordan
1942,19,Nazneen Contractor
1943,19,David Alpay
1944,20,Lucia Micarelli
1945,20,Michael Rady
1946,21,Catherine Bell
1947,21,Mark Deklin
1948,22,Holly Robinson Peete
1949,22,Adrian Holmes
1950,23,Jill Wagner
1951,23,Lucas Bryant
1952,24,Brooke D'Orsay
1953,24,Sam Page
1954,25,Jen Lilley
1955,25,Trevor Donovan
1956,26,Lacey Chabert
1957,26,Stephen Huszar
1958,27,Ashley Greene
1959,27,Brendan Penny
1960,28,Autumn Reeser
1961,28,Antonio Cupo
1962,29,Taylor Cole
1963,29,Steve Lund
1964,30,Lindy Booth
1965,30,Justin Bruening
1966,31,Amanda Schull
1967,31,Travis Van Winkle
1968,0,Alexa PenaVega
1969,0,Luke Macfarlane
1970,1,Aimee Teegarden
1971,1,Michael Rady
1972,2,Trevor Donovan
1973,2,Charlotte Sullivan
1974,3,Nazneen Contractor
1975,3,Brooks Darnell
1976,4,Jen Lilley
1977,4,Chris McNally
1978,5,Brooke D'Orsay
1979,5,Brendan Penny
1980,6,Laura Vandervoort
1981,6,Nicholas Gonzalez
1982,7,Nicky Whelan
1983,7,Greg Vaughan
1984,8,Jeremy Jordan
1985,8,Jessica Lowndes
1986,9,Erin Krakow
1987,9,Tyler Hynes
1988,10,Natalie Hall
1989,10,Jonathan Keltz
1990,11,Cindy Busby
1991,11,Christopher Russell
1992,12,Italia Ricci
1993,12,Ryan Paevey
1994,13,Taylor Cole
1995,13,Jack Turner
1996,14,JoAnna Garcia Swisher
1997,14,Allen Leech
1998,15,Janel Parrish
1999,15,Marco Grazzini
2000,16,Cindy Busby
2001,16,Tim Ross
2002,17,Jocelyn Hudon
2003,17,Steve Lund
2004,18,Lacey Chabert
2005,18,Tyler Hynes
2006,19,Pascale Hutton
2007,19,Kavan Smith
2008,20,Eloise Mumford
2009,20,Brant Daugherty
2010,21,Mallory Jansen
2011,21,Joshua Sasse
2012,22,Chad Michael Murray
2013,22,Aly Michalka
2014,23,Amy Acker
2015,23,Warren Christie
2016,24,Chloe Bridges
2017,24,Scott Michael Foster
2018,25,Autumn Reeser
2019,25,Andrew Walker
2020,26,Jack Wagner
2021,26,Josie Bissett
2022,27,Jen Lilley
2023,27,Ryan Paevey
2024,28,Christine Ko
2025,28,Wes Brown
2026,29,Rhiannon Fish
2027,29,Darien Martin
2028,30,Lauren Alaina
2029,30,Tyler Hynes
2030,31,Laura Osnes
2031,31,Juan Pablo Di Pace
2032,32,Nikki DeLoach
2033,32,Scott Porter
2034,33,Katie Findlay
2035,33,Wyatt Nash
2036,34,William Levy
2037,34,Taylor Cole
2038,35,Erinn Westbrook
2039,35,Brooks Darnell
2040,36,Danica McKellar
2041,36,Benjamin Ayres
2042,37,Catherine Haena Kim
2043,37,Raymond Ablack
2044,38,Tamera Mowry-Housley
2045,38,Paul Campbell
2046,39,Ashleigh Murray
2047,39,Luke James
2048,40,Janel Parrish
2049,40,Ryan Paevey
2050,41,Katee Sackhoff
2051,41,Patrick Sabongui
2052,42,Merritt Patterson
2053,42,Jon Ecker
2054,43,Lyndsy Fonseca
2055,43,Chandler Massey
2056,44,Jordin Sparks
2057,44,Michael Xavier
2058,45,Alison Sweeney
2059,45,Brennan Elliott
2060,46,Aimee Teegarden
2061,46,Andrew Walker
2062,47,Olivia Washington
2063,47,Will Adams
2064,48,Trevor Donovan
2065,48,Sarah Power
2066,49,Harry Lennix
2067,49,Laura Vandervoort
2068,49,
2069,49,Niall Matter
2070,50,James Denton
2071,50,Teri Hatcher
2072,51,Brandon Routh
2073,51,Kimberley Sustad
2074,52,Marisol Nichols
2075,52,Paul Greene
2076,53,Bethany Joy Lenz
2077,53,Tyler Hynes
2078,54,Taylor Cole
2079,54,Carlo Marks
2080,55,Lacey Chabert
2081,55,Stuart Townsend
2082,56,Laura Osnes
2083,56,Kyle Selig
2084,57,Candace Cameron Bure
2085,57,John Brotherton
2086,58,Inbar Lavi
2087,58,Jake Epstein
2088,59,Emily Osment
2089,59,Casey Deidrick
2090,60,Kimberly Williams-Paisley
2091,60,Mark Deklin
2092,60,
2093,60,Ashley Williams
2094,61,Brooke D'Orsay
2095,61,Kristoffer Polaha
2096,62,Megan Park
2097,62,Julian Morris
2098,63,Ashley Williams
2099,63,Keith Robinson
2100,63,
2101,63,Kimberly Williams-Paisley
2102,64,Robert Buckley
2103,64,Ana Ayora
2104,65,Rachael Leigh Cook
2105,65,Travis Van Winkle
2106,0,Jesse Metcalfe
2107,0,Sarah Lind
2108,1,Lacey Chabert
2109,1,Brennan Elliott
2110,2,Alison Sweeney
2111,2,Benjamin Ayres
2112,3,Candace Cameron Bure
2113,3,Niall Matter
2114,4,Jill Wagner
2115,4,Kristoffer Polaha
2116,5,Lacey Chabert
2117,5,Brennan Elliott
2118,6,Danica McKellar
2119,6,Victor Webster
2120,7,Jesse Metcalfe
2121,7,Sarah Lind
2122,8,Holly Robinson Peete
2123,8,Colin Lawrence
2124,9,Candace Cameron Bure
2125,9,Niall Matter
2126,10,Nathalie Kelley
2127,10,Colin Donnell
2128,11,Jill Wagner
2129,11,Kristoffer Polaha
2130,12,Alison Sweeney
2131,12,Cameron Mathison
2132,13,Candace Cameron Bure
2133,13,Niall Matter
2134,14,Rochelle Aytes
2135,14,Keith Robinson
2136,15,Danielle C. Ryan
2137,15,Myko Olivier
2138,16,Tom Everett Scott
2139,16,Mía Maestro
2140,17,Sam Page
2141,17,Sarah Drew
2142,18,Fiona Gubelmann
2143,18,Antonio Cayonne
2144,19,Eric Mabius
2145,19,Kristin Booth
2146,20,Heather Hemmens
2147,20,Luke Macfarlane
2148,21,Torrey DeVitto
2149,21,Dylan Bruce
2150,22,Kaitlin Doubleday
2151,22,Steve Lund
2152,22,
2153,22,Caroline Rhea
2154,23,Eloise Mumford
2155,23,Brett Dalton
2156,24,Nikki DeLoach
2157,24,David Haydn-Jones
2158,25,Jessy Schram
2159,25,Brendan Penny
2160,26,Holly Robinson Peete
2161,26,Lyriq Bent
2162,27,Katherine Barrell
2163,27,Alberto Frezza
2164,28,Christa B. Allen
2165,28,Ryan Rottman
2166,0,Kasey Landoll
2167,0,Travis Burns
2168,1,Jessica Lowndes
2169,1,Christopher Russell
2170,2,Erin Cahill
2171,2,Brittany Ishibashi
2172,2,Ali Liebert
2173,2,
2174,2,Wes Brown
2175,3,Jamie Gray Hyder
2176,3,Ektor Rivera
2177,0,Jen Lilley
2178,0,Christopher Russell
2179,1,Lacey Chabert
2180,1,Kevin McGarry
2181,2,Nazneen Contractor
2182,2,Brennan Elliott
2183,3,Emilie Ullerup
2184,3,Clayton James
2185,4,Stacey Farber
2186,4,Corey Cott
2187,5,Autumn Reeser
2188,5,Paolo Bernardini
2189,6,Alison Sweeney
2190,6,Victor Webster
2191,7,Melanie Scrofano
2192,7,Daniel di Tomasso
2193,8,Kayla Wallace
2194,8,Kevin McGarry
2195,9,Gloria Reuben
2196,9,Eriq La Salle
2197,10,Krysta Rodriguez
2198,10,Santino Fontana
2199,11,Philippa Northeast
2200,11,Brant Daugherty
2201,12,Melora Hardin
2202,12,Arienne Mandi
2203,12,
2204,12,Katherine McNamara
2205,13,Brittany Bristow
2206,13,Chris McNally
2207,14,Cindy Busby
2208,14,Christopher Russell
2209,15,Natalie Hall
2210,15,Corey Sevier
2211,16,Andrea Brooks
2212,16,Marcus Rosner
2213,17,Hunter King
2214,17,Beau Mirchoff
2215,18,Heather Hemmens
2216,18,Ser'Darius Blain
2217,19,Rachelle Lefevre
2218,19,Luke Macfarlane
2219,20,Ashley Williams
2220,20,Ryan Paevey
2221,21,Kayla Wallace
2222,21,Kevin McGarry
2223,22,Tori Anderson
2224,22,Corbin Bleu
2225,23,Vanessa Lengies
2226,23,Jesse Hutch
2227,24,Rhiannon Fish
2228,24,Benjamin Hollingsworth
2229,25,Alexa PenaVega
2230,25,Carlos PenaVega
2231,26,Jaicy Elliot
2232,26,Benjamin Hollingsworth
2233,27,Rachel Boston
2234,27,Paul Campbell
2235,28,Davida Williams
2236,28,Richard Harmon
2237,29,Cindy Busby
2238,29,Tyler Harlow
2239,30,Amanda Schull
2240,30,Brennan Elliott
2241,31,Jonathan Bennett
2242,31,Brooke D'Orsay
2243,32,Natalie Hall
2244,32,Peter Mooney
2245,33,Tamera Mowry-Housley
2246,33,Lyndie Greenwood
2247,33,Krystal Joy Brown
2248,34,Taylor Cole
2249,34,Corey Sevier
2250,35,Aimee Teegarden
2251,35,Evan Roderick
2252,36,Reshma Shetty
2253,36,Will Kemp
